Model,Test f1-score,Test balanced accuracy
Lasso regression,0.8622222222222222,0.8192874692874693
MLP,0.8660714285714286,0.826044226044226
NAM,0.8711111111111111,0.8305896805896806
